{
    "loss": 1.823610782623291,
    "accuracy": 0.8965517282485962
}