{
    "loss": 0.7504881024360657,
    "accuracy": 0.9655172228813171
}