{
    "loss": 1.2100657224655151,
    "accuracy": 0.9051724076271057
}